Title,Job URL,Location,Compensation,Company ID,Skills
"Account Executive, AI Sales","https://stripe.com/jobs/search?gh_jid=7546284","San Francisco, CA","Not Available",7546284,"N/A"
"Account Executive, AI Sales","https://stripe.com/jobs/search?gh_jid=7532733","San Francisco, CA","Not Available",7532733,"N/A"
"Account Executive, Commercial (Hunter)","https://stripe.com/jobs/search?gh_jid=7863714","Chicago","Not Available",7863714,"N/A"
"Account Executive, Cross Border China","https://stripe.com/jobs/search?gh_jid=7893199","Singapore","Not Available",7893199,"N/A"
"Account Executive, Enterprise - Billing (Existing Business)","https://stripe.com/jobs/search?gh_jid=7607568","London","Not Available",7607568,"N/A"
"Account Executive - Enterprise Germany","https://stripe.com/jobs/search?gh_jid=7825578","Germany ","Not Available",7825578,"N/A"
"Account Executive, Enterprise (Hunter)","https://stripe.com/jobs/search?gh_jid=7458833","Paris","Not Available",7458833,"N/A"
"Account Executive, Enterprise (Hunter), Japan","https://stripe.com/jobs/search?gh_jid=7528816","Tokyo","Not Available",7528816,"N/A"
"Account Executive, Existing Business (CEE)","https://stripe.com/jobs/search?gh_jid=7861856","Poland - Remote OR Romania - Remote","Not Available",7861856,"N/A"
"Account Executive,Iberia, Enterprise ","https://stripe.com/jobs/search?gh_jid=7394627","Spain","Not Available",7394627,"N/A"
"Account Executive (New Business - Portuguese Market)","https://stripe.com/jobs/search?gh_jid=7908925","Madrid","Not Available",7908925,"N/A"
"Account Executive, Platforms (Existing Business)","https://stripe.com/jobs/search?gh_jid=7576967","San Francisco, CA; Chicago, IL & New York, NY","Not Available",7576967,"N/A"
"Account Executive, Platforms (French Speaking)","https://stripe.com/jobs/search?gh_jid=7451383","Dublin","Not Available",7451383,"N/A"
"Account Executive, Platforms (Hunter)","https://stripe.com/jobs/search?gh_jid=7857010","Paris, Framce","Not Available",7857010,"N/A"
"Account Executive, Platforms (Italian Speaking) - Grower","https://stripe.com/jobs/search?gh_jid=7852222","Dublin","Not Available",7852222,"N/A"
"Account Executive, Product - Buy Now Pay Later","https://stripe.com/jobs/search?gh_jid=7675661","San francisco, NYC","Not Available",7675661,"N/A"
"Account Executive, Product Sales, Billing","https://stripe.com/jobs/search?gh_jid=7393169","South San Francisco, CA; New York, NY; Seattle, WA; Chicago, IL; Atlanta, GA; Washington DC","Not Available",7393169,"N/A"
"Account Executive, Product Sales - Capital","https://stripe.com/jobs/search?gh_jid=7728365","SF, NYC, SEA, CHI","Not Available",7728365,"N/A"
"Account Executive, Product Sales - Payouts","https://stripe.com/jobs/search?gh_jid=7782969","SF, NYC","Not Available",7782969,"N/A"
"Account Executive, Product Sales (Tax)","https://stripe.com/jobs/search?gh_jid=7940059","US-Chicago, US-SF-HQ","Not Available",7940059,"N/A"
"Account Executive, SMB (Hunter)","https://stripe.com/jobs/search?gh_jid=7277406","Chicago and NYC","Not Available",7277406,"N/A"
"Account Executive, SMB (Hunter)","https://stripe.com/jobs/search?gh_jid=7931247","NYC","Not Available",7931247,"N/A"
"Account Executive, SMB - New Business","https://stripe.com/jobs/search?gh_jid=7904613","Dublin","Not Available",7904613,"N/A"
"Account Executive, Startup Platforms ","https://stripe.com/jobs/search?gh_jid=7891728","San Francisco","Not Available",7891728,"N/A"
"Account Executive, Startups - Core Grower","https://stripe.com/jobs/search?gh_jid=7921701","Chicago","Not Available",7921701,"N/A"
"Account Executive, Startups (Existing Business) ","https://stripe.com/jobs/search?gh_jid=7872736","San Francisco or New York City ","Not Available",7872736,"N/A"
"Account Executive - Startups, India","https://stripe.com/jobs/search?gh_jid=7597490","Bengaluru","Not Available",7597490,"N/A"
"Account Executive, Velocity Hunter (Iberia)","https://stripe.com/jobs/search?gh_jid=7907485","Dublin","Not Available",7907485,"N/A"
"Account Executive, Velocity Platforms (Grower)","https://stripe.com/jobs/search?gh_jid=7891721","New York City","Not Available",7891721,"N/A"
"Account Executive, Velocity Platforms (Grower)","https://stripe.com/jobs/search?gh_jid=7891716","Chicago","Not Available",7891716,"N/A"
"Accounting Technical Solutions Lead","https://stripe.com/jobs/search?gh_jid=7875540","Seattle, San Francisco, New York ","Not Available",7875540,"N/A"
"Accounts Receivable Analyst","https://stripe.com/jobs/search?gh_jid=7882699","Bengaluru","Not Available",7882699,"N/A"
"Accounts Receivable Analyst - Service Strategy Enablement","https://stripe.com/jobs/search?gh_jid=7926728","Seattle","Not Available",7926728,"N/A"
"Accounts Receivable Manager","https://stripe.com/jobs/search?gh_jid=7118945","Bengaluru","Not Available",7118945,"N/A"
"Administrative Coordinator","https://stripe.com/jobs/search?gh_jid=7863507","Bengaluru","Not Available",7863507,"N/A"
"Administrative Coordinator","https://stripe.com/jobs/search?gh_jid=7434713","Mexico City","Not Available",7434713,"N/A"
"AEO/GEO Marketing Manager","https://stripe.com/jobs/search?gh_jid=7844214","United States","Not Available",7844214,"N/A"
"AI Specialist, Treasury Finance Operations","https://stripe.com/jobs/search?gh_jid=7947074","IN-Bengaluru","Not Available",7947074,"N/A"
"Analyst, Product Pricing","https://stripe.com/jobs/search?gh_jid=7896404","Toronto","Not Available",7896404,"N/A"
"Analytics Engineer","https://stripe.com/jobs/search?gh_jid=7863844","Seattle, WA","Not Available",7863844,"N/A"
"Android Engineer, Terminal","https://stripe.com/jobs/search?gh_jid=7543559","Toronto","Not Available",7543559,"N/A"
"Android Engineer, Terminal Developer Productivity","https://stripe.com/jobs/search?gh_jid=7550154","San Francisco, Seattle, Remote in US","Not Available",7550154,"N/A"
"Android Engineer, Terminal Global Payments","https://stripe.com/jobs/search?gh_jid=7778627","San Francisco, CA, Seattle, WA","Not Available",7778627,"N/A"
"Android Engineer, Terminal OS Platform","https://stripe.com/jobs/search?gh_jid=7557403","San Francisco, Seattle","Not Available",7557403,"N/A"
"APAC Executive Marketing","https://stripe.com/jobs/search?gh_jid=7764914","Singapore","Not Available",7764914,"N/A"
"Art Director ","https://stripe.com/jobs/search?gh_jid=7823683","Bengaluru","Not Available",7823683,"N/A"
"Assistant Project Manager, Capital Projects","https://stripe.com/jobs/search?gh_jid=7867330","San Francisco ","Not Available",7867330,"N/A"
"Associate ( Risk/Fraud Operations)","https://stripe.com/jobs/search?gh_jid=7577341","IN-Bengaluru","Not Available",7577341,"N/A"
"AV Builds and Operations","https://stripe.com/jobs/search?gh_jid=7675097","SFO","Not Available",7675097,"N/A"
"Backend / API Engineer, Billing","https://stripe.com/jobs/search?gh_jid=7737237","Toronto, Canada","Not Available",7737237,"N/A"
"Backend/API Engineer, Money as a Service","https://stripe.com/jobs/search?gh_jid=6176758","US","Not Available",6176758,"N/A"
"Backend Engineer, AI Security","https://stripe.com/jobs/search?gh_jid=7826765","New York, San Francisco, Seattle, or Remote (US/Canada)","Not Available",7826765,"N/A"
"Backend Engineer/API, Payments and Risk","https://stripe.com/jobs/search?gh_jid=4921361","Dublin, Ireland","Not Available",4921361,"N/A"
"Backend Engineer, Billing/Tax","https://stripe.com/jobs/search?gh_jid=7217048","N/A","Not Available",7217048,"N/A"
"Backend Engineer, Core Tech, Canada","https://stripe.com/jobs/search?gh_jid=6567253","Toronto, CAN-Remote","Not Available",6567253,"N/A"
"Backend Engineer, Core Technology","https://stripe.com/jobs/search?gh_jid=7182617","Dublin","Not Available",7182617,"N/A"
"Backend Engineer, Core Technology","https://stripe.com/jobs/search?gh_jid=6042172","US-Remote, Chicago","Not Available",6042172,"N/A"
"Backend Engineer, Data","https://stripe.com/jobs/search?gh_jid=7913700","Canada","Not Available",7913700,"N/A"
"Backend Engineer, Expansion","https://stripe.com/jobs/search?gh_jid=7775622","N/A","Not Available",7775622,"N/A"
"Backend Engineer, Forward Deployed Engineering","https://stripe.com/jobs/search?gh_jid=7249744","N/A","Not Available",7249744,"N/A"
"Backend Engineer, Payments and Risk","https://stripe.com/jobs/search?gh_jid=7232592","US","Not Available",7232592,"N/A"
"Backend Engineer, Payments and Risk","https://stripe.com/jobs/search?gh_jid=6163230","US","Not Available",6163230,"N/A"
"Backend Engineer, Privy","https://stripe.com/jobs/search?gh_jid=7235875","NYC-Privy","Not Available",7235875,"N/A"
"Brand Designer, Privy","https://stripe.com/jobs/search?gh_jid=7721132","NYC-Privy","Not Available",7721132,"N/A"
"Brand Partnerships & Strategy Lead","https://stripe.com/jobs/search?gh_jid=7868790","New York City, NY","Not Available",7868790,"N/A"
"Bridge - Operations Associate ","https://stripe.com/jobs/search?gh_jid=7179634","Bengaluru","Not Available",7179634,"N/A"
"Business Development Manager, Agentic Commerce","https://stripe.com/jobs/search?gh_jid=7524334","San Francisco, CA; Seattle, WA","Not Available",7524334,"N/A"
"Business Development Manager, Training & Certification","https://stripe.com/jobs/search?gh_jid=7521020","Chicago, ATL, US-Remote","Not Available",7521020,"N/A"
"Campaign Operations Manager","https://stripe.com/jobs/search?gh_jid=7584016","San Francisco, Seattle, New York, Chicago, Remote in the US","Not Available",7584016,"N/A"
"Chief Operating Officer (COO) & Deputy Trust Officer, Bridge","https://stripe.com/jobs/search?gh_jid=7572925","San Francisco, New York, Seattle","Not Available",7572925,"N/A"
"Cloud Security Engineer","https://stripe.com/jobs/search?gh_jid=7867389","Seattle","Not Available",7867389,"N/A"
"CoE Data & Insights","https://stripe.com/jobs/search?gh_jid=7839662","Bengaluru","Not Available",7839662,"N/A"
"Collections Specialist","https://stripe.com/jobs/search?gh_jid=7398150","Mexico","Not Available",7398150,"N/A"
"Commercial Counsel","https://stripe.com/jobs/search?gh_jid=7589402","United States","Not Available",7589402,"N/A"
"Commercial Counsel,APAC","https://stripe.com/jobs/search?gh_jid=7823081","Singapore","Not Available",7823081,"N/A"
"Commercial Solutions Program Manager","https://stripe.com/jobs/search?gh_jid=7206336","Chicago, IL , Remote","Not Available",7206336,"N/A"
"Compensation Business Partner, Core","https://stripe.com/jobs/search?gh_jid=7859849","US-Remote (35 miles+ outside an office)","Not Available",7859849,"N/A"
"Consumer Operations Associate","https://stripe.com/jobs/search?gh_jid=7733301","Mexico City","Not Available",7733301,"N/A"
"Consumer Product Marketing Lead, Link","https://stripe.com/jobs/search?gh_jid=7947510","San Fransisco, New York, Seattle, Chicago, Remote US","Not Available",7947510,"N/A"
"Content Marketing Lead, Bridge","https://stripe.com/jobs/search?gh_jid=7951146","San Francisco or New York","Not Available",7951146,"N/A"
"Corporate Accounting","https://stripe.com/jobs/search?gh_jid=7618067","San Francisco, Seattle ","Not Available",7618067,"N/A"
"Corporate Communications","https://stripe.com/jobs/search?gh_jid=7827403","DC, SF, NYC","Not Available",7827403,"N/A"
"Corporate Events Manager, Expo","https://stripe.com/jobs/search?gh_jid=7804276","Remote in United States","Not Available",7804276,"N/A"
"Corporate Network Engineering Manager","https://stripe.com/jobs/search?gh_jid=7736482","US Remote","Not Available",7736482,"N/A"
"Creative Technologist Brand Designer, Labs","https://stripe.com/jobs/search?gh_jid=7793636","NYC","Not Available",7793636,"N/A"
"Credit Operations Analyst, Risk Operations","https://stripe.com/jobs/search?gh_jid=7722938","Chicago, Toronto, Atlanta","Not Available",7722938,"N/A"
"Credit Risk Analyst, North American Underwriter","https://stripe.com/jobs/search?gh_jid=7612192","Toronto, Remote-Canada ","Not Available",7612192,"N/A"
"Credit Risk Operations Associate (CDMX)","https://stripe.com/jobs/search?gh_jid=7456167","Mexico City","Not Available",7456167,"N/A"
"Credit Risk Strategist, Risk Foundations","https://stripe.com/jobs/search?gh_jid=7550951","Chicago, US-Remote, Toronto ","Not Available",7550951,"N/A"
"Credit Risk Strategy Manager","https://stripe.com/jobs/search?gh_jid=7863824","Singapore","Not Available",7863824,"N/A"
"Crypto Product Accounting","https://stripe.com/jobs/search?gh_jid=7774312","San Francisco, Seattle, New York","Not Available",7774312,"N/A"
"Customer Funds Reconciliation and Safeguarding Specialist, Luxembourg","https://stripe.com/jobs/search?gh_jid=7587353","Luxembourg","Not Available",7587353,"N/A"
"Customer Success Manager","https://stripe.com/jobs/search?gh_jid=7768901","Berlin","Not Available",7768901,"N/A"
"Customer Success Manager","https://stripe.com/jobs/search?gh_jid=7810205","London","Not Available",7810205,"N/A"
"Customer Success Manager, Enterprise","https://stripe.com/jobs/search?gh_jid=6558993","Chicago, IL; Atlanta, GA","Not Available",6558993,"N/A"
"Customer Success Manager (French speaking)","https://stripe.com/jobs/search?gh_jid=7925790","London","Not Available",7925790,"N/A"
"Customer Success Manager (German speaking) ","https://stripe.com/jobs/search?gh_jid=7522783","London","Not Available",7522783,"N/A"
"Customer Success Manager (Revenue Suite)","https://stripe.com/jobs/search?gh_jid=7351768","Bengaluru","Not Available",7351768,"N/A"
"Customer Success Manager (Spanish speaking)","https://stripe.com/jobs/search?gh_jid=7925821","London","Not Available",7925821,"N/A"
"Data Analyst","https://stripe.com/jobs/search?gh_jid=6282403","Mexico City ","Not Available",6282403,"N/A"
"Data Analyst","https://stripe.com/jobs/search?gh_jid=7794729","Bengaluru","Not Available",7794729,"N/A"
"Data Analyst","https://stripe.com/jobs/search?gh_jid=5416444","Canada","Not Available",5416444,"N/A"
"Data Analyst,  Financial Enablement","https://stripe.com/jobs/search?gh_jid=7874654","Dublin, Ireland","Not Available",7874654,"N/A"
"Data Analyst, Payments Performance","https://stripe.com/jobs/search?gh_jid=7440960","Seattle, WA","Not Available",7440960,"N/A"
"Data - Regulatory Reporting, Luxembourg","https://stripe.com/jobs/search?gh_jid=7587256"," Luxembourg","Not Available",7587256,"N/A"
"Data Science Manager","https://stripe.com/jobs/search?gh_jid=7644403","Seattle, WA OR New York, NY OR Remote North America","Not Available",7644403,"N/A"
"Data Science Manager, Growth","https://stripe.com/jobs/search?gh_jid=7440963","Seattle, WA OR New York, NY OR Remote North America","Not Available",7440963,"N/A"
"Data Science Manager, Risk","https://stripe.com/jobs/search?gh_jid=7923653","Bengaluru","Not Available",7923653,"N/A"
"Data Scientist","https://stripe.com/jobs/search?gh_jid=7809414","Seattle, WA","Not Available",7809414,"N/A"
"Data Scientist","https://stripe.com/jobs/search?gh_jid=5895430","Toronto","Not Available",5895430,"N/A"
"Data Writer and Editor ","https://stripe.com/jobs/search?gh_jid=7743311","London","Not Available",7743311,"N/A"
"Deal Pricing","https://stripe.com/jobs/search?gh_jid=7685049","US-Remote","Not Available",7685049,"N/A"
"Design Engineer, Presence","https://stripe.com/jobs/search?gh_jid=7144975","US, Canada","Not Available",7144975,"N/A"
"Design Manager, Web Presence","https://stripe.com/jobs/search?gh_jid=7241636","US / Canada","Not Available",7241636,"N/A"
"Design Program Manager, AI","https://stripe.com/jobs/search?gh_jid=7868564","US","Not Available",7868564,"N/A"
"EMEA Executive Experiences Lead","https://stripe.com/jobs/search?gh_jid=7584203","London ","Not Available",7584203,"N/A"
"EMEA IT Helpdesk Manager","https://stripe.com/jobs/search?gh_jid=7941800","Dublin","Not Available",7941800,"N/A"
"EMEA Regulatory Counsel","https://stripe.com/jobs/search?gh_jid=7814947","Dubai , UAE","Not Available",7814947,"N/A"
"Employee Compensation and Benefits Tax Lead","https://stripe.com/jobs/search?gh_jid=7887519","SF, SEA, NYC","Not Available",7887519,"N/A"
"Employee Relations Partner","https://stripe.com/jobs/search?gh_jid=7175216","Mexico City","Not Available",7175216,"N/A"
"Engagement Manager","https://stripe.com/jobs/search?gh_jid=7808299","London, UK","Not Available",7808299,"N/A"
"Engagement Manager","https://stripe.com/jobs/search?gh_jid=7775314","Dublin, Ireland","Not Available",7775314,"N/A"
"Engagement Manager, AUNZ","https://stripe.com/jobs/search?gh_jid=7946230","Sydney","Not Available",7946230,"N/A"
"Engineering Manager, Agent Experience","https://stripe.com/jobs/search?gh_jid=7657999","CA-Toronto","Not Available",7657999,"N/A"
"Engineering Manager, APAC & EMEA Cards","https://stripe.com/jobs/search?gh_jid=7841757","Singapore","Not Available",7841757,"N/A"
"Engineering Manager, Connect","https://stripe.com/jobs/search?gh_jid=7762324","Seattle","Not Available",7762324,"N/A"
"Engineering Manager, Core Events","https://stripe.com/jobs/search?gh_jid=7762570","Seattle","Not Available",7762570,"N/A"
"Engineering Manager - Core Performance","https://stripe.com/jobs/search?gh_jid=7835108","Sydney, Australia","Not Available",7835108,"N/A"
"Engineering Manager, Cost Optimization","https://stripe.com/jobs/search?gh_jid=7813496","SEA","Not Available",7813496,"N/A"
"Engineering Manager, Data Orchestration Platform","https://stripe.com/jobs/search?gh_jid=7942736","Seattle","Not Available",7942736,"N/A"
"Engineering Manager, Data Transformation","https://stripe.com/jobs/search?gh_jid=7688358","US-SEA, US-SF, US-NYC, Canada-OPEN","Not Available",7688358,"N/A"
"Engineering Manager, Developer Productivity AI","https://stripe.com/jobs/search?gh_jid=7736943","US-Remote","Not Available",7736943,"N/A"
"Engineering Manager - Fraud Risk ","https://stripe.com/jobs/search?gh_jid=7655222","Dublin ","Not Available",7655222,"N/A"
"Engineering Manager, LATAM Payments Experiences","https://stripe.com/jobs/search?gh_jid=7909561","Sao Paulo ","Not Available",7909561,"N/A"
"Engineering Manager, Managed Payments","https://stripe.com/jobs/search?gh_jid=7867868","US-NYC","Not Available",7867868,"N/A"
"Engineering Manager - Operations Infrastructure  ","https://stripe.com/jobs/search?gh_jid=7773553","Bengaluru","Not Available",7773553,"N/A"
"Engineering Manager, Operator Tooling","https://stripe.com/jobs/search?gh_jid=7475396","Bucharest","Not Available",7475396,"N/A"
"Engineering Manager - Payments","https://stripe.com/jobs/search?gh_jid=7556256","Dublin ","Not Available",7556256,"N/A"
"Engineering Manager, Payments API","https://stripe.com/jobs/search?gh_jid=7663636","New York, NY","Not Available",7663636,"N/A"
"Engineering Manager, Product (Privy)","https://stripe.com/jobs/search?gh_jid=7913545","NYC-Privy","Not Available",7913545,"N/A"
"Engineering Manager, Sales Systems","https://stripe.com/jobs/search?gh_jid=7525370","Bengaluru","Not Available",7525370,"N/A"
"Engineering Manager, Streaming Services","https://stripe.com/jobs/search?gh_jid=7613386","Bengaluru","Not Available",7613386,"N/A"
"Engineering Manager, Terminal","https://stripe.com/jobs/search?gh_jid=7769005","Toronto, Canada","Not Available",7769005,"N/A"
"Engineering Program Manager, Tech GRC","https://stripe.com/jobs/search?gh_jid=7739260","SFO, US Remote","Not Available",7739260,"N/A"
"Enterprise Platforms Sales Manager (Existing Business)","https://stripe.com/jobs/search?gh_jid=7375100","US-SF","Not Available",7375100,"N/A"
"Enterprise Product Support Manager","https://stripe.com/jobs/search?gh_jid=7894387","Singapore","Not Available",7894387,"N/A"
"Enterprise Risk Management Lead","https://stripe.com/jobs/search?gh_jid=7742552","Atlanta, GA","Not Available",7742552,"N/A"
"Enterprise Solutions Architecture Manager, AMER","https://stripe.com/jobs/search?gh_jid=7779497","US-San Francisco","Not Available",7779497,"N/A"
"EU Market Development, Climate","https://stripe.com/jobs/search?gh_jid=7722641","Brussels, Belgium OR London, United Kingdom","Not Available",7722641,"N/A"
"Executive Briefing Manager","https://stripe.com/jobs/search?gh_jid=7787598","South San Francisco","Not Available",7787598,"N/A"
"Finance and Strategy Partner","https://stripe.com/jobs/search?gh_jid=7463755","Chicago, San Francisco, Seattle, New York City","Not Available",7463755,"N/A"
"Finance & Strategy Analyst","https://stripe.com/jobs/search?gh_jid=7576878","San Francisco, New York City, Seattle","Not Available",7576878,"N/A"
"Finance & Strategy - Finance Analytics Analyst","https://stripe.com/jobs/search?gh_jid=7597622","Bengaluru","Not Available",7597622,"N/A"
"Finance & Strategy Lead, Payments Product","https://stripe.com/jobs/search?gh_jid=7902126","Seattle, Chicago, San Francisco, New York","Not Available",7902126,"N/A"
"Finance & Strategy Partner","https://stripe.com/jobs/search?gh_jid=7812163","New York, NY","Not Available",7812163,"N/A"
"Finance & Strategy Partner","https://stripe.com/jobs/search?gh_jid=7717412","Dublin OR London","Not Available",7717412,"N/A"
"Financial Crimes Operations Manager, Bridge","https://stripe.com/jobs/search?gh_jid=7868815","Mexico City","Not Available",7868815,"N/A"
"Forward Deployed AI Accelerator, Marketing","https://stripe.com/jobs/search?gh_jid=7747640","United States","Not Available",7747640,"N/A"
"Forward Deployed AI Accelerator, Marketing","https://stripe.com/jobs/search?gh_jid=7748114","Singapore, Sydney","Not Available",7748114,"N/A"
"Forward Deployed AI Accelerator, Marketing","https://stripe.com/jobs/search?gh_jid=7747638","United States","Not Available",7747638,"N/A"
"Forward Deployed Engineer, Privy","https://stripe.com/jobs/search?gh_jid=7230452","New York Privy HQ","Not Available",7230452,"N/A"
"Forward Deployed Engineer, Professional Services","https://stripe.com/jobs/search?gh_jid=7671038","United States","Not Available",7671038,"N/A"
"Fraud Operations Associate SDC","https://stripe.com/jobs/search?gh_jid=7651078","Mexico City","Not Available",7651078,"N/A"
"Fraud Operations Manager","https://stripe.com/jobs/search?gh_jid=7608396","Bengaluru","Not Available",7608396,"N/A"
"Fraud Operations Team Lead","https://stripe.com/jobs/search?gh_jid=7685460","Mexico City","Not Available",7685460,"N/A"
"Frontend Engineer, Privy","https://stripe.com/jobs/search?gh_jid=7656562","NYC-Privy","Not Available",7656562,"N/A"
"Frontend Platform Engineer, JavaScript Infrastructure","https://stripe.com/jobs/search?gh_jid=7743307","Canada","Not Available",7743307,"N/A"
"F&S COE Analyst","https://stripe.com/jobs/search?gh_jid=7597613","Bengaluru","Not Available",7597613,"N/A"
"F&S COE Analyst","https://stripe.com/jobs/search?gh_jid=7597624","Bengaluru","Not Available",7597624,"N/A"
" Full Stack Engineer, Billing","https://stripe.com/jobs/search?gh_jid=7737239","Toronto, Canada","Not Available",7737239,"N/A"
"Full Stack Engineer, Developer Experience & Product Platform","https://stripe.com/jobs/search?gh_jid=6567104","N/A","Not Available",6567104,"N/A"
"Full Stack Engineer, Ecosystem","https://stripe.com/jobs/search?gh_jid=7403151","Toronto, Canada","Not Available",7403151,"N/A"
"Full Stack Engineer, Link","https://stripe.com/jobs/search?gh_jid=6447175","Toronto, Remote in Canada","Not Available",6447175,"N/A"
"Full Stack Engineer, Money as a Service","https://stripe.com/jobs/search?gh_jid=6606581","N/A","Not Available",6606581,"N/A"
"Fullstack Engineer, Privy","https://stripe.com/jobs/search?gh_jid=7091959","NYC-Privy, US-Remote ","Not Available",7091959,"N/A"
"Full Stack Engineer, Support Experience","https://stripe.com/jobs/search?gh_jid=7913464","Dublin","Not Available",7913464,"N/A"
"Full Stack Engineer, Web Presence and Platform","https://stripe.com/jobs/search?gh_jid=7436086","N/A","Not Available",7436086,"N/A"
"Global AML Lead, Risk Operations","https://stripe.com/jobs/search?gh_jid=7895020","United States","Not Available",7895020,"N/A"
"Global Head of Specialist Solutions Architecture, Revenue","https://stripe.com/jobs/search?gh_jid=7523947","SF","Not Available",7523947,"N/A"
"Global Indirect Tax Compliance","https://stripe.com/jobs/search?gh_jid=7587922","Bangalore","Not Available",7587922,"N/A"
"Global Partner Marketing Lead, AI","https://stripe.com/jobs/search?gh_jid=7819587","South San Francisco HQ","Not Available",7819587,"N/A"
"Global Payments Experiences Engineering Manager","https://stripe.com/jobs/search?gh_jid=7940329","N/A","Not Available",7940329,"N/A"
"Global People Support - Team Lead","https://stripe.com/jobs/search?gh_jid=7553098","Bengaluru","Not Available",7553098,"N/A"
"GSI Partner Development Lead- EMEA","https://stripe.com/jobs/search?gh_jid=7677136","London","Not Available",7677136,"N/A"
"GTM Product Marketing Manager, Money as a Service (MaaS)","https://stripe.com/jobs/search?gh_jid=7809072","United States","Not Available",7809072,"N/A"
"Head of Central GTM Finance & Strategy ","https://stripe.com/jobs/search?gh_jid=7739361","San Francisco, Seattle, New York City","Not Available",7739361,"N/A"
"Head of Communications, APAC","https://stripe.com/jobs/search?gh_jid=7684149","Singapore","Not Available",7684149,"N/A"
"Head of Connect & Crypto, Finance & Strategy","https://stripe.com/jobs/search?gh_jid=7736640","San Francisco, Seattle, New York City","Not Available",7736640,"N/A"
"Head of Enterprise Solutions Architecture Platforms","https://stripe.com/jobs/search?gh_jid=7915144","San Francisco, CA","Not Available",7915144,"N/A"
"Head of Global Network Partnerships","https://stripe.com/jobs/search?gh_jid=7813067","US-NYC; US-San Francisco; US-Seattle; US-Remote; US-Chicago","Not Available",7813067,"N/A"
"Head of Key Accounts - Enterprise","https://stripe.com/jobs/search?gh_jid=7859196","Remote, US","Not Available",7859196,"N/A"
"Head of Platform Sales, AUNZ","https://stripe.com/jobs/search?gh_jid=7760773","Sydney","Not Available",7760773,"N/A"
"Head of Revenue and Growth, Canada","https://stripe.com/jobs/search?gh_jid=7826843","Toronto, Canada","Not Available",7826843,"N/A"
"Head of Sales - Large Enterprise, Growth","https://stripe.com/jobs/search?gh_jid=7813129","New York City, NY","Not Available",7813129,"N/A"
"Head of Startups and Velocity Sales Development","https://stripe.com/jobs/search?gh_jid=7337546","Dublin ","Not Available",7337546,"N/A"
"Implementation Consultant, Japan","https://stripe.com/jobs/search?gh_jid=7744344","Tokyo","Not Available",7744344,"N/A"
"Implementation Specialist, GTM Accelerate","https://stripe.com/jobs/search?gh_jid=7520686","Dublin","Not Available",7520686,"N/A"
"Indirect Tax Advisory Consultant","https://stripe.com/jobs/search?gh_jid=7589400","Dublin or London","Not Available",7589400,"N/A"
"Indirect Tax (VAT/GST) Advisory Consultant","https://stripe.com/jobs/search?gh_jid=7950653","NYC, SF, SEA","Not Available",7950653,"N/A"
"Infrastructure Engineer, Privy","https://stripe.com/jobs/search?gh_jid=7462961","New York","Not Available",7462961,"N/A"
"Integrated Campaigns Manager, Startups & AI","https://stripe.com/jobs/search?gh_jid=7587812","San Francisco, New York, Seattle, Chicago, Remote in the US","Not Available",7587812,"N/A"
"Integration Engineer (AUNZ)","https://stripe.com/jobs/search?gh_jid=7703911","Sydney","Not Available",7703911,"N/A"
"Integration Engineer (Client facing) Professional Services ","https://stripe.com/jobs/search?gh_jid=7896525","Dublin","Not Available",7896525,"N/A"
"Integration Engineer (Global) ","https://stripe.com/jobs/search?gh_jid=7896519","Toronto","Not Available",7896519,"N/A"
"Integration Engineer (US) ","https://stripe.com/jobs/search?gh_jid=7819426","LOCATION","Not Available",7819426,"N/A"
"Internal Audit Lead, Merchant Acquirer Limited Purpose Bank (MALPB)","https://stripe.com/jobs/search?gh_jid=7569605","Atlanta; New York","Not Available",7569605,"N/A"
"Internal Audit Lead - Treasury, Finance & Operations","https://stripe.com/jobs/search?gh_jid=7678541","Dublin OR London","Not Available",7678541,"N/A"
"Internal Product Engineer, Developer Productivity AI ","https://stripe.com/jobs/search?gh_jid=7896151","Toronto, Canada ","Not Available",7896151,"N/A"
"International Accounting ","https://stripe.com/jobs/search?gh_jid=7740363","Singapore","Not Available",7740363,"N/A"
"International Accounting Lead","https://stripe.com/jobs/search?gh_jid=7838593","Dublin","Not Available",7838593,"N/A"
"International Reporting Tax Advisory Consultant","https://stripe.com/jobs/search?gh_jid=7931101","Dublin","Not Available",7931101,"N/A"
"IT Governance, Risk & Compliance (GRC) Analyst, Luxembourg","https://stripe.com/jobs/search?gh_jid=7587254","Luxembourg","Not Available",7587254,"N/A"
"IT Support Engineer","https://stripe.com/jobs/search?gh_jid=7733233","Toronto","Not Available",7733233,"N/A"
"IT Support Engineer","https://stripe.com/jobs/search?gh_jid=7733216","Mexico City","Not Available",7733216,"N/A"
"Japan Regulatory Compliance & Money Laundering Reporting Officer (RC & MLRO)","https://stripe.com/jobs/search?gh_jid=7757552","Tokyo , Japan","Not Available",7757552,"N/A"
"KYB/KYC Operations Associate, Bridge (CDMX)","https://stripe.com/jobs/search?gh_jid=7862772","Mexico City","Not Available",7862772,"N/A"
"KYC Operations Associate, India","https://stripe.com/jobs/search?gh_jid=7543885","LOCATION","Not Available",7543885,"N/A"
"Learning Architect","https://stripe.com/jobs/search?gh_jid=7773831","SF or NYC","Not Available",7773831,"N/A"
"Legal Entity Controller","https://stripe.com/jobs/search?gh_jid=6209187","Bangalore","Not Available",6209187,"N/A"
"Machine Learning Engineer, Supportability","https://stripe.com/jobs/search?gh_jid=7384709","Toronto","Not Available",7384709,"N/A"
"Machine Learning Engineer, Support Experience","https://stripe.com/jobs/search?gh_jid=7813942","Toronto, Canada","Not Available",7813942,"N/A"
"Manager, Community Operations","https://stripe.com/jobs/search?gh_jid=7871904","Mexico City","Not Available",7871904,"N/A"
"Manager, Customer Success Management","https://stripe.com/jobs/search?gh_jid=7446791","London","Not Available",7446791,"N/A"
"Manager, Global Sanctions ","https://stripe.com/jobs/search?gh_jid=7896802","Ireland","Not Available",7896802,"N/A"
"Manager - Legal Entity Controller","https://stripe.com/jobs/search?gh_jid=7703750","Bengaluru","Not Available",7703750,"N/A"
"Manager, Partner Risk Operations","https://stripe.com/jobs/search?gh_jid=7943909","United States","Not Available",7943909,"N/A"
"Manager, Product Support Operations - Enterprise","https://stripe.com/jobs/search?gh_jid=7456177","Mexico City","Not Available",7456177,"N/A"
"Manager, Sales Development","https://stripe.com/jobs/search?gh_jid=7337544","Dublin ","Not Available",7337544,"N/A"
"Manager, Sales Development","https://stripe.com/jobs/search?gh_jid=7896538","Chicago","Not Available",7896538,"N/A"
"Manager, Technical Account Management","https://stripe.com/jobs/search?gh_jid=7664667","Sydney","Not Available",7664667,"N/A"
"Manager, Technical Account Management","https://stripe.com/jobs/search?gh_jid=7767222","Dublin","Not Available",7767222,"N/A"
"Marketing Manager, SMB and Mid-Market - EMEA","https://stripe.com/jobs/search?gh_jid=7634113","Dublin","Not Available",7634113,"N/A"
"Marketing Operations Manager","https://stripe.com/jobs/search?gh_jid=7805386","India, Bangalore ","Not Available",7805386,"N/A"
"Marketing Operations Manager, Americas","https://stripe.com/jobs/search?gh_jid=7253148","Seattle, WA","Not Available",7253148,"N/A"
"Marketing Operations Program Manager, Sold Funnel","https://stripe.com/jobs/search?gh_jid=7616135","US Remote; Chicago, IL; Remote Canada; Toronto, Canada","Not Available",7616135,"N/A"
"Marketing Program Manager - Sports Sponsorship","https://stripe.com/jobs/search?gh_jid=7892945","US","Not Available",7892945,"N/A"
"Mid-Market Account Executive (Japan)","https://stripe.com/jobs/search?gh_jid=7789539","Japan","Not Available",7789539,"N/A"
"Mid-Market/Small Business Demand Gen Manager, Americas","https://stripe.com/jobs/search?gh_jid=7804290","Chicago, Seattle, US Remote","Not Available",7804290,"N/A"
"Monetization Operations Analyst","https://stripe.com/jobs/search?gh_jid=7795191","IN - Bengaluru","Not Available",7795191,"N/A"
"Network Solution Lead","https://stripe.com/jobs/search?gh_jid=7589897","Chicago, Atlanta, San Francisco, Seattle, New York","Not Available",7589897,"N/A"
"Network Solution Specialist","https://stripe.com/jobs/search?gh_jid=7589978","Atlanta, Chicago","Not Available",7589978,"N/A"
"Operations Associate ","https://stripe.com/jobs/search?gh_jid=7923895","Bengaluru","Not Available",7923895,"N/A"
"Operations Associate, Apprenticeship","https://stripe.com/jobs/search?gh_jid=7236933","Bengaluru","Not Available",7236933,"N/A"
"Operations Associate, Financial Crimes (AML Investigations)","https://stripe.com/jobs/search?gh_jid=5902523","Mexico City","Not Available",5902523,"N/A"
"Operations Associate, Financial Crimes EDD/PEP","https://stripe.com/jobs/search?gh_jid=7202953","Mexico City ","Not Available",7202953,"N/A"
"Operations Associate, GTM Accelerate (Bangalore)","https://stripe.com/jobs/search?gh_jid=7780256","Bengaluru","Not Available",7780256,"N/A"
"Operations Associate, GTM Onboarding Specialist","https://stripe.com/jobs/search?gh_jid=7393071","Mexico","Not Available",7393071,"N/A"
"Operations Associate, New Grad (Mexico)","https://stripe.com/jobs/search?gh_jid=7544547","Mexico City, Mexico","Not Available",7544547,"N/A"
"Operations Associate - Product Support Operations (CDMX)","https://stripe.com/jobs/search?gh_jid=7813141","MX- Mexico City","Not Available",7813141,"N/A"
"Operations Associate, Sanctions","https://stripe.com/jobs/search?gh_jid=6891805","Mexico City","Not Available",6891805,"N/A"
"Operations Associate, Sanctions (FinCrime)","https://stripe.com/jobs/search?gh_jid=7540835","Bengaluru","Not Available",7540835,"N/A"
"Operations Manager, Center of Excellence","https://stripe.com/jobs/search?gh_jid=7671302","IN - Bengaluru","Not Available",7671302,"N/A"
"Operations Manager, Enhanced Due Diligence","https://stripe.com/jobs/search?gh_jid=7576867","Mexico City","Not Available",7576867,"N/A"
"Operations Program Manager, Capital Collections","https://stripe.com/jobs/search?gh_jid=7815794","US-NYC","Not Available",7815794,"N/A"
"Operations Program Manager, Managed Operations","https://stripe.com/jobs/search?gh_jid=7812209","New York, NY","Not Available",7812209,"N/A"
"Oracle Fusion apps-Techno functional consultant","https://stripe.com/jobs/search?gh_jid=5853649","Bengaluru","Not Available",5853649,"N/A"
"Paid Digital Marketing Manager","https://stripe.com/jobs/search?gh_jid=7617049","Remote-US/CA","Not Available",7617049,"N/A"
"Paid Marketing Manager","https://stripe.com/jobs/search?gh_jid=7882047","London","Not Available",7882047,"N/A"
"Partner Development Manager","https://stripe.com/jobs/search?gh_jid=7422491","Dublin","Not Available",7422491,"N/A"
"Partner Development Manager- Germany","https://stripe.com/jobs/search?gh_jid=7556207","Germany","Not Available",7556207,"N/A"
"Partner Development Manager, Global Networks","https://stripe.com/jobs/search?gh_jid=7697675","US-Remote; US-Chicago; US-Atlanta; Canada-Toronto; Canada-Remote","Not Available",7697675,"N/A"
"Partner Development Manager, Netherlands","https://stripe.com/jobs/search?gh_jid=7237465","LOCATION","Not Available",7237465,"N/A"
"Partner Development Manager, Strategic Partnerships","https://stripe.com/jobs/search?gh_jid=7697672","US-San Francisco; US-New York City; US-Seattle; US-Remote; US-Chicago","Not Available",7697672,"N/A"
"Partner Marketing Lead - AMER","https://stripe.com/jobs/search?gh_jid=7605231","Remote in United States","Not Available",7605231,"N/A"
"Partner Solutions Architect - AMER Communnities","https://stripe.com/jobs/search?gh_jid=7927324","Mexico City","Not Available",7927324,"N/A"
"Partner Solutions Architect - AWS","https://stripe.com/jobs/search?gh_jid=7607761","New York","Not Available",7607761,"N/A"
"Partner Solutions Architect - Billing","https://stripe.com/jobs/search?gh_jid=7927330","USA ","Not Available",7927330,"N/A"
"Partner Solutions Architect - Consulting Partners","https://stripe.com/jobs/search?gh_jid=7411434","Chicago or Atlanta","Not Available",7411434,"N/A"
"Partner Solutions Architect, Germany","https://stripe.com/jobs/search?gh_jid=7919325","Berlin, Munich ","Not Available",7919325,"N/A"
"Payments Analyst","https://stripe.com/jobs/search?gh_jid=5584791","Bengaluru, India","Not Available",5584791,"N/A"
"Payments Fraud Investigator","https://stripe.com/jobs/search?gh_jid=7554002","Dublin","Not Available",7554002,"N/A"
"Payments Performance Strategist, Network Cost ","https://stripe.com/jobs/search?gh_jid=7562148","San Francisco, CA; New York, NY; Chicago, IL; Seattle, WA; Atlanta, GA ","Not Available",7562148,"N/A"
"Payments Performance Strategist, PINless Debit","https://stripe.com/jobs/search?gh_jid=7409686","Chicago, IL; Atlanta, GA; US-Remote; San Francisco, CA; New York; NY ","Not Available",7409686,"N/A"
"People Consultant","https://stripe.com/jobs/search?gh_jid=7773621","Mexico City","Not Available",7773621,"N/A"
"People Consultant","https://stripe.com/jobs/search?gh_jid=7866374","Chicago","Not Available",7866374,"N/A"
"People Consultant","https://stripe.com/jobs/search?gh_jid=7950735","Dublin","Not Available",7950735,"N/A"
"PhD Data Scientist, Intern","https://stripe.com/jobs/search?gh_jid=7874965","San Francisco, New York City, Seattle, Chicago","Not Available",7874965,"N/A"
"PhD Data Scientist, Intern","https://stripe.com/jobs/search?gh_jid=7285974","Toronto, Ontario, Canada","Not Available",7285974,"N/A"
"PhD Machine Learning Engineer, Intern","https://stripe.com/jobs/search?gh_jid=7216664","San Francisco, New York City, Seattle","Not Available",7216664,"N/A"
"Portfolio Pricing Strategist","https://stripe.com/jobs/search?gh_jid=7858811","US-Remote","Not Available",7858811,"N/A"
"Principal Customer Success Manager, Key Accounts ","https://stripe.com/jobs/search?gh_jid=7559141","Atlanta, GA; Chicago, IL ","Not Available",7559141,"N/A"
"Principal Security Engineer, Privy","https://stripe.com/jobs/search?gh_jid=7947546","NYC-Privy","Not Available",7947546,"N/A"
"Privacy Fellow","https://stripe.com/jobs/search?gh_jid=7834218","Seattle, WA; San Francisco, CA","Not Available",7834218,"N/A"
"Processing Cost Accountant","https://stripe.com/jobs/search?gh_jid=7649036","Bangalore","Not Available",7649036,"N/A"
"Product Accounting Data Insights","https://stripe.com/jobs/search?gh_jid=7813945","Bengaluru","Not Available",7813945,"N/A"
"Product Counsel, Data Products","https://stripe.com/jobs/search?gh_jid=7930151","US remote","Not Available",7930151,"N/A"
"Product Counsel, Terminal","https://stripe.com/jobs/search?gh_jid=7558757","US-Remote, US-SEA, US-SF, US-NYC, Toronto","Not Available",7558757,"N/A"
"Product Designer","https://stripe.com/jobs/search?gh_jid=7568117","US / Canada","Not Available",7568117,"N/A"
"Product Designer, Global","https://stripe.com/jobs/search?gh_jid=7824008","Singapore","Not Available",7824008,"N/A"
"Product Designer, Global","https://stripe.com/jobs/search?gh_jid=7861422","Ireland","Not Available",7861422,"N/A"
"Product Designer, Issuing","https://stripe.com/jobs/search?gh_jid=7520327","Canada","Not Available",7520327,"N/A"
"Product Designer, Stablecoin","https://stripe.com/jobs/search?gh_jid=7663023","Canada","Not Available",7663023,"N/A"
"Product Designer, Terminal","https://stripe.com/jobs/search?gh_jid=7925550","Toronto","Not Available",7925550,"N/A"
"Product Lead, AI","https://stripe.com/jobs/search?gh_jid=7655023","San Francisco, Seattle, New York, Chicago","Not Available",7655023,"N/A"
"Product Lead, Support Experience","https://stripe.com/jobs/search?gh_jid=7869917","Seattle, Washington, United States","Not Available",7869917,"N/A"
"Product Manager, Capital","https://stripe.com/jobs/search?gh_jid=7721834","London","Not Available",7721834,"N/A"
"Product Manager, Commerce Systems","https://stripe.com/jobs/search?gh_jid=7561551","SF, SEA, NYC, US - Remote","Not Available",7561551,"N/A"
"Product Manager, Ecosystem Risk","https://stripe.com/jobs/search?gh_jid=7947422","London","Not Available",7947422,"N/A"
"Product Manager, Ecosystem Risk","https://stripe.com/jobs/search?gh_jid=7943244","Dublin","Not Available",7943244,"N/A"
"Product Manager, EMEA Payments Lead","https://stripe.com/jobs/search?gh_jid=7768979","Dublin, Ireland","Not Available",7768979,"N/A"
"Product Manager, Growth AI Outreach Motion ","https://stripe.com/jobs/search?gh_jid=7809139","Toronto, Remote- Canada","Not Available",7809139,"N/A"
"Product Manager IC-02","https://stripe.com/jobs/search?gh_jid=7812346","San Francisco, CA","Not Available",7812346,"N/A"
"Product Manager, Link Consumer Product","https://stripe.com/jobs/search?gh_jid=7392697","SF, SEA, NY, Remote-US","Not Available",7392697,"N/A"
"Product Manager, Local Payment Methods EMEA","https://stripe.com/jobs/search?gh_jid=7547596","Barcelona","Not Available",7547596,"N/A"
"Product Manager, Local Payment Methods EMEA","https://stripe.com/jobs/search?gh_jid=7486955","Dublin","Not Available",7486955,"N/A"
"Product Manager, Local Payment Methods EMEA","https://stripe.com/jobs/search?gh_jid=7651697","London","Not Available",7651697,"N/A"
"Product Manager, Payments","https://stripe.com/jobs/search?gh_jid=7176530","SF, NY, SEA, Remote-US","Not Available",7176530,"N/A"
"Product Manager, Risk & Compliance","https://stripe.com/jobs/search?gh_jid=7625842","Bengaluru","Not Available",7625842,"N/A"
"Product Manager, Sail Core","https://stripe.com/jobs/search?gh_jid=7913698","Toronto","Not Available",7913698,"N/A"
"Product Manager, Startup Products","https://stripe.com/jobs/search?gh_jid=7901987","NYC, Chicago, Seattle, San Francisco","Not Available",7901987,"N/A"
"Product Manager, Stripe Infrastructure","https://stripe.com/jobs/search?gh_jid=6651889","Remote in the US","Not Available",6651889,"N/A"
"Product Manager, Support Experience","https://stripe.com/jobs/search?gh_jid=7920028","Seattle, Washington, United States","Not Available",7920028,"N/A"
"Product Manager, Support Products - Support Experience","https://stripe.com/jobs/search?gh_jid=7440429","Dublin","Not Available",7440429,"N/A"
"Product Manager, Terminal Device Expansion","https://stripe.com/jobs/search?gh_jid=7397265","Seattle, San Francisco, New York","Not Available",7397265,"N/A"
"Product Marketing Lead, Fraud and Risk","https://stripe.com/jobs/search?gh_jid=7773463","US / Canada","Not Available",7773463,"N/A"
"Product Marketing Lead, Stripe Tax and Data","https://stripe.com/jobs/search?gh_jid=7773461","US / Canada","Not Available",7773461,"N/A"
"Product Marketing Manager","https://stripe.com/jobs/search?gh_jid=6348471","San Francisco, New York, Seattle, Chicago, Remote, Toronto","Not Available",6348471,"N/A"
"Product Marketing Manager, Apps and Ecosystem","https://stripe.com/jobs/search?gh_jid=7913503","SF, Seattle, NYC","Not Available",7913503,"N/A"
"Product Marketing Manager, Growth","https://stripe.com/jobs/search?gh_jid=7914005","Remote in the US","Not Available",7914005,"N/A"
"Product Marketing Manager, Portfolio Pricing","https://stripe.com/jobs/search?gh_jid=7832098","United States","Not Available",7832098,"N/A"
"Product Marketing Manager, Pricing","https://stripe.com/jobs/search?gh_jid=7812965","SF, NYC, Seattle, Remote in the US","Not Available",7812965,"N/A"
"Product Marketing Manager, Risk","https://stripe.com/jobs/search?gh_jid=7591150","US","Not Available",7591150,"N/A"
"Product Marketing Manager, Stripe Billing","https://stripe.com/jobs/search?gh_jid=7421572","Remote US, Canada","Not Available",7421572,"N/A"
"Product Marketing, Velocity (Mid-market & SMB) Segment","https://stripe.com/jobs/search?gh_jid=7564364","Remote US","Not Available",7564364,"N/A"
"Product Sales Manager, Beachfront","https://stripe.com/jobs/search?gh_jid=7389837","SF, NYC","Not Available",7389837,"N/A"
"Product Support, Bridge ","https://stripe.com/jobs/search?gh_jid=7678670","New York, Dublin, London","Not Available",7678670,"N/A"
"Product Support Manager","https://stripe.com/jobs/search?gh_jid=7545852","Singapore","Not Available",7545852,"N/A"
"Product Support Operations Associate, Weekend Shift ","https://stripe.com/jobs/search?gh_jid=6814190","Bengaluru","Not Available",6814190,"N/A"
"Product Support Operations, Team Lead","https://stripe.com/jobs/search?gh_jid=7390485","Bengaluru","Not Available",7390485,"N/A"
"Product Support Specialist","https://stripe.com/jobs/search?gh_jid=7524531","Singapore","Not Available",7524531,"N/A"
"Product Support Specialist (Mandarin-speaking)","https://stripe.com/jobs/search?gh_jid=7945056","Singapore","Not Available",7945056,"N/A"
"Product Support Specialist, Money Management","https://stripe.com/jobs/search?gh_jid=7604228","Chicago","Not Available",7604228,"N/A"
"Professional Services Engagement Manager","https://stripe.com/jobs/search?gh_jid=7827182","US/Canada","Not Available",7827182,"N/A"
"Program Manager, Business Practices - Deal Operations","https://stripe.com/jobs/search?gh_jid=7858819","Dublin","Not Available",7858819,"N/A"
"Program Manager, Enterprise Servicing ","https://stripe.com/jobs/search?gh_jid=7467934","U.S. ","Not Available",7467934,"N/A"
"Program Manager, Go To Market","https://stripe.com/jobs/search?gh_jid=7922532","SF","Not Available",7922532,"N/A"
"Program Manager - GTM","https://stripe.com/jobs/search?gh_jid=7865901","London","Not Available",7865901,"N/A"
"Program Manager, GTM Planning","https://stripe.com/jobs/search?gh_jid=7656504","US-Chicago, US-Remote","Not Available",7656504,"N/A"
"Program Manager, GTM Strategic Programs","https://stripe.com/jobs/search?gh_jid=7915142","San Francisco, Seattle, NYC","Not Available",7915142,"N/A"
"Program Manager, Intake & Portfolio Management","https://stripe.com/jobs/search?gh_jid=7569678","Remote","Not Available",7569678,"N/A"
"Program Manager, People Operations Strategy","https://stripe.com/jobs/search?gh_jid=7089901","US-Remote, US-National, Toronto","Not Available",7089901,"N/A"
"Program Manager, Security Business Enablement","https://stripe.com/jobs/search?gh_jid=7917252","US - Remote","Not Available",7917252,"N/A"
"Program Manager, Solutions Architecture","https://stripe.com/jobs/search?gh_jid=7470827","Chicago, Atlanta, US-Remote","Not Available",7470827,"N/A"
"Program Manager, Third Party Risk","https://stripe.com/jobs/search?gh_jid=7559403","SF, SEA, CHI, NYC, ATL","Not Available",7559403,"N/A"
"Public Affairs Manager","https://stripe.com/jobs/search?gh_jid=7938661","US-Remote","Not Available",7938661,"N/A"
"Regional Field Marketing Manager (Northern and Southern Europe)","https://stripe.com/jobs/search?gh_jid=7543898","London/Amsterdam ","Not Available",7543898,"N/A"
"Regional Product Marketing Manager, United Kingdom","https://stripe.com/jobs/search?gh_jid=7921325","London","Not Available",7921325,"N/A"
"Regulatory Reporting Program Manager, Stablecoin","https://stripe.com/jobs/search?gh_jid=7650177","SEA, SF, NYC, CHI","Not Available",7650177,"N/A"
"Reserve Operations Deputy","https://stripe.com/jobs/search?gh_jid=7767151","San Francisco or New York","Not Available",7767151,"N/A"
"Risk Operations Analyst, Financial Crimes","https://stripe.com/jobs/search?gh_jid=7430332","Dublin","Not Available",7430332,"N/A"
"Risk Operations Analyst, Financial Crimes Programs","https://stripe.com/jobs/search?gh_jid=7430296","Remote, US","Not Available",7430296,"N/A"
"Risk Operations Associate ","https://stripe.com/jobs/search?gh_jid=5423044","Bengaluru","Not Available",5423044,"N/A"
"Risk Operations Associate (CDMX) - User Policy Operations","https://stripe.com/jobs/search?gh_jid=7664549","Mexico City","Not Available",7664549,"N/A"
"Risk Operations Associate, Verifications (CDMX)","https://stripe.com/jobs/search?gh_jid=7815282","Mexico City","Not Available",7815282,"N/A"
"Risk Partnerships Manager","https://stripe.com/jobs/search?gh_jid=7309521","Singapore","Not Available",7309521,"N/A"
"Risk Partnerships Manager, Banks","https://stripe.com/jobs/search?gh_jid=7785828","US-Remote; US-Chicago; US-Atlanta; CA-Toronto; CA-Remote","Not Available",7785828,"N/A"
"Risk Strategist","https://stripe.com/jobs/search?gh_jid=7809397","San Francisco, CA","Not Available",7809397,"N/A"
"Risk Strategist, Financial Crimes","https://stripe.com/jobs/search?gh_jid=7874562","US-Chicago, US-Atlanta, US-Remote; Canada-Toronto; Canada-Remote","Not Available",7874562,"N/A"
"Risk Strategist, Onboarding and Compliance","https://stripe.com/jobs/search?gh_jid=7697973","Chicago, US-Remote, Toronto","Not Available",7697973,"N/A"
"Risk Strategist - Screening (Financial Crimes)","https://stripe.com/jobs/search?gh_jid=7874862","US-Chicago; US-Atlanta; US-Remote; Canada-Toronto; Canada-Remote","Not Available",7874862,"N/A"
"Risk Strategist, User Risk Strategy","https://stripe.com/jobs/search?gh_jid=7594866","Chicago, SEA, SF, NYC, US-Remote","Not Available",7594866,"N/A"
"Sales Compensation Analyst","https://stripe.com/jobs/search?gh_jid=7633559","Bengaluru","Not Available",7633559,"N/A"
"Sales Compensation Analytics & Systems Specialist","https://stripe.com/jobs/search?gh_jid=7739207","CHI, SF, NYC","Not Available",7739207,"N/A"
"Sales Compensation Design Lead","https://stripe.com/jobs/search?gh_jid=7862938","Dublin","Not Available",7862938,"N/A"
"Sales Development Representative","https://stripe.com/jobs/search?gh_jid=7532742","Bengaluru","Not Available",7532742,"N/A"
"Sales Development Representative","https://stripe.com/jobs/search?gh_jid=7912140","Sydney","Not Available",7912140,"N/A"
"Sales Development Representative","https://stripe.com/jobs/search?gh_jid=6470774","Singapore, Tokyo, Sydney, Bangkok","Not Available",6470774,"N/A"
"Sales Development Representative (German Speaking) ","https://stripe.com/jobs/search?gh_jid=6570259","Dublin","Not Available",6570259,"N/A"
"Sales Development Representative (Mandarin-speaking)","https://stripe.com/jobs/search?gh_jid=7813755","Singapore, Sydney","Not Available",7813755,"N/A"
"Sales Enablement & Training Specialist","https://stripe.com/jobs/search?gh_jid=7359215","SF","Not Available",7359215,"N/A"
"Sales Manager - Commercial","https://stripe.com/jobs/search?gh_jid=7739104","Berlin","Not Available",7739104,"N/A"
"Sales Manager, Commercial (Existing Business)","https://stripe.com/jobs/search?gh_jid=7306952","Chicago","Not Available",7306952,"N/A"
"Sales Manager, Commercial (New Business)","https://stripe.com/jobs/search?gh_jid=7862532","Chicago","Not Available",7862532,"N/A"
"Sales Manager, Platforms (Existing Business)","https://stripe.com/jobs/search?gh_jid=7883876","San Francisco, CA; New York, NY","Not Available",7883876,"N/A"
"Sales Manager, SMB Account Executives (Existing Business)","https://stripe.com/jobs/search?gh_jid=7862536","Chicago","Not Available",7862536,"N/A"
"Sales Manager, Startups","https://stripe.com/jobs/search?gh_jid=7825561","Dublin, Ireland","Not Available",7825561,"N/A"
"Sales Strategy & Operations, Sales Business Partner","https://stripe.com/jobs/search?gh_jid=7790430","Dublin ","Not Available",7790430,"N/A"
"Scaled Account Executive, Startups ","https://stripe.com/jobs/search?gh_jid=7872739","New York City or San Francisco","Not Available",7872739,"N/A"
"SDC Operations Manager, Financial Crimes (AML)","https://stripe.com/jobs/search?gh_jid=7325566","Bengaluru","Not Available",7325566,"N/A"
"SDK Engineer (React/React Native), Privy","https://stripe.com/jobs/search?gh_jid=7736171","NYC-Privy","Not Available",7736171,"N/A"
"Security Analyst, Bridge","https://stripe.com/jobs/search?gh_jid=7657732","San Francisco, New York City, Dublin","Not Available",7657732,"N/A"
"Security Engineer, Bridge","https://stripe.com/jobs/search?gh_jid=7776179","SF, New York, Seattle, Dublin","Not Available",7776179,"N/A"
"Security Engineer - Offensive Security","https://stripe.com/jobs/search?gh_jid=7820898","Ireland","Not Available",7820898,"N/A"
"Security Engineer - Threat Detection","https://stripe.com/jobs/search?gh_jid=7827230","Ireland","Not Available",7827230,"N/A"
"Senior Integration Reliability Engineer, Technical Operations","https://stripe.com/jobs/search?gh_jid=7457268","Singapore","Not Available",7457268,"N/A"
"Senior Staff Product Designer, Agentic Commerce","https://stripe.com/jobs/search?gh_jid=7688069","SF, Seattle, New York, Remote in the US","Not Available",7688069,"N/A"
"Senior Staff Product Designer, Payments","https://stripe.com/jobs/search?gh_jid=7202630","SF, Seattle, New York, Remote in the US","Not Available",7202630,"N/A"
"Senior Staff Software Engineer,  Developer Infrastructure ","https://stripe.com/jobs/search?gh_jid=7409691","SEA, SF","Not Available",7409691,"N/A"
"SEO Marketing Manager","https://stripe.com/jobs/search?gh_jid=7602338","London","Not Available",7602338,"N/A"
"Short-form Video & Social, Community Comms","https://stripe.com/jobs/search?gh_jid=7373865","SF, NYC","Not Available",7373865,"N/A"
"SMB Account Executive (Japan)","https://stripe.com/jobs/search?gh_jid=7364278","Tokyo","Not Available",7364278,"N/A"
"Social Media, Customer Support Associate ","https://stripe.com/jobs/search?gh_jid=7867328","Mexico","Not Available",7867328,"N/A"
"Software Engineer","https://stripe.com/jobs/search?gh_jid=7808471","San Francisco, California","Not Available",7808471,"N/A"
"Software Engineer","https://stripe.com/jobs/search?gh_jid=7926587","New York, NY","Not Available",7926587,"N/A"
"Software Engineer, Balance Abstraction","https://stripe.com/jobs/search?gh_jid=7908923","Seattle, WA","Not Available",7908923,"N/A"
"Software Engineer, Bridge","https://stripe.com/jobs/search?gh_jid=7277110","San Francisco, NY, Seattle","Not Available",7277110,"N/A"
"Software Engineer, Data & AI","https://stripe.com/jobs/search?gh_jid=7529428","Bengaluru","Not Available",7529428,"N/A"
"Software Engineer, Data Orchestration","https://stripe.com/jobs/search?gh_jid=7230670","N/A","Not Available",7230670,"N/A"
"Software Engineer, Fee Insights","https://stripe.com/jobs/search?gh_jid=7436194","Bengaluru","Not Available",7436194,"N/A"
"Software Engineer IC-02","https://stripe.com/jobs/search?gh_jid=7895344","San Francisco, California ","Not Available",7895344,"N/A"
"Software Engineer IC-02 ","https://stripe.com/jobs/search?gh_jid=7926966","New York, NY","Not Available",7926966,"N/A"
"Software Engineering, New Grad","https://stripe.com/jobs/search?gh_jid=7176977","Singapore","Not Available",7176977,"N/A"
"Software Engineer, Intern","https://stripe.com/jobs/search?gh_jid=7532256","Sydney, Australia","Not Available",7532256,"N/A"
"Software Engineer, Internal Systems","https://stripe.com/jobs/search?gh_jid=7543868","Bengaluru, India","Not Available",7543868,"N/A"
"Software Engineer, Payments","https://stripe.com/jobs/search?gh_jid=7529787","Singapore","Not Available",7529787,"N/A"
"Software Engineer, Payments and Risk","https://stripe.com/jobs/search?gh_jid=6717520","Dublin, Ireland","Not Available",6717520,"N/A"
"Software Engineer, Payments & Risk","https://stripe.com/jobs/search?gh_jid=4952353","IN-Bengaluru","Not Available",4952353,"N/A"
"Software Engineer, Product Security Data Platforms","https://stripe.com/jobs/search?gh_jid=7761694","Seattle","Not Available",7761694,"N/A"
"Software Engineer, Secrets Infrastructure","https://stripe.com/jobs/search?gh_jid=7396679","na","Not Available",7396679,"N/A"
"Software Engineer, Security Analytics Infrastructure","https://stripe.com/jobs/search?gh_jid=7826761","N/A","Not Available",7826761,"N/A"
"Software Engineer - Smart Contract, Bridge","https://stripe.com/jobs/search?gh_jid=7507904","San Francisco or New York","Not Available",7507904,"N/A"
"Solutions Architect, Commercial - UK ","https://stripe.com/jobs/search?gh_jid=7882492","Dublin, Ireland","Not Available",7882492,"N/A"
"Solutions Architect, Enterprise","https://stripe.com/jobs/search?gh_jid=7601663","Sweden, Dublin, Amsterdam","Not Available",7601663,"N/A"
"Solutions Architect, Enterprise, France","https://stripe.com/jobs/search?gh_jid=7619227","Paris","Not Available",7619227,"N/A"
"Solutions Architect, Enterprise (Pre-sales)","https://stripe.com/jobs/search?gh_jid=7827184","Chicago, IL or New York City, NY OR US Remote","Not Available",7827184,"N/A"
"Solutions Architect, Italy","https://stripe.com/jobs/search?gh_jid=7784353","Milan, Barcelona, Madrid, Dublin, Amsterdam","Not Available",7784353,"N/A"
"Solutions Architect, Platforms","https://stripe.com/jobs/search?gh_jid=7893203","Singapore","Not Available",7893203,"N/A"
"Solutions Architect, Platforms - UK","https://stripe.com/jobs/search?gh_jid=7574857","London","Not Available",7574857,"N/A"
"Solutions Architect, Platforms - UKI","https://stripe.com/jobs/search?gh_jid=7601673","Dublin","Not Available",7601673,"N/A"
"Solutions Architect, Platforms Velocity","https://stripe.com/jobs/search?gh_jid=7396509","Chicago, IL or New York, NY","Not Available",7396509,"N/A"
"Solutions Architect, SMB","https://stripe.com/jobs/search?gh_jid=7361440","Chicago","Not Available",7361440,"N/A"
"Solutions Architect, Startup & SMB","https://stripe.com/jobs/search?gh_jid=7903814","Dublin, Ireland","Not Available",7903814,"N/A"
"Solutions Architect, Startup & SMB (French-Speaking)","https://stripe.com/jobs/search?gh_jid=7601668","LOCATION","Not Available",7601668,"N/A"
"Solutions Architect, Startup & SMB (German-speaking)","https://stripe.com/jobs/search?gh_jid=7442995","Dublin","Not Available",7442995,"N/A"
"Solutions Engineer, Bridge","https://stripe.com/jobs/search?gh_jid=7434912","NYC","Not Available",7434912,"N/A"
"Specialist Solutions Architect, Crypto & Stablecoins","https://stripe.com/jobs/search?gh_jid=7120766","US-NY","Not Available",7120766,"N/A"
"Specialist Solutions Architect, Money Management","https://stripe.com/jobs/search?gh_jid=7380371","NY, SF, Remote","Not Available",7380371,"N/A"
"Specialist Solutions Architect, Payments","https://stripe.com/jobs/search?gh_jid=7377591","NY, SF, Chicago","Not Available",7377591,"N/A"
"Specialist Solutions Architect, Radar (Fraud/Risk)","https://stripe.com/jobs/search?gh_jid=7365914","NY or SF","Not Available",7365914,"N/A"
"Staff Data Analyst","https://stripe.com/jobs/search?gh_jid=7921649","US","Not Available",7921649,"N/A"
"Staff Data Analyst","https://stripe.com/jobs/search?gh_jid=7801457","US","Not Available",7801457,"N/A"
"Staff Data Scientist","https://stripe.com/jobs/search?gh_jid=7568328","N/A","Not Available",7568328,"N/A"
"Staff Engineer, Account Engineering","https://stripe.com/jobs/search?gh_jid=7369269","NYC, SEA","Not Available",7369269,"N/A"
"Staff Engineer , Data & AI","https://stripe.com/jobs/search?gh_jid=7430826","Bengaluru","Not Available",7430826,"N/A"
"Staff Engineer, Data Engineering Solutions","https://stripe.com/jobs/search?gh_jid=7548037","Bengaluru","Not Available",7548037,"N/A"
"Staff Engineer, Machine Learning Platform","https://stripe.com/jobs/search?gh_jid=7712852","Toronto","Not Available",7712852,"N/A"
"Staff Engineer, Payments","https://stripe.com/jobs/search?gh_jid=7416957","Seattle","Not Available",7416957,"N/A"
"Staff Engineer, Seller Systems","https://stripe.com/jobs/search?gh_jid=7217778","Bengaluru","Not Available",7217778,"N/A"
"Staff Full Stack Engineer, Identity","https://stripe.com/jobs/search?gh_jid=7895467","Remote","Not Available",7895467,"N/A"
"Staff Full Stack Engineer - Support Experience","https://stripe.com/jobs/search?gh_jid=7925073","Dublin","Not Available",7925073,"N/A"
"Staff Product Designer","https://stripe.com/jobs/search?gh_jid=7536458","US ","Not Available",7536458,"N/A"
"Staff Product Manager, Adaptive Pricing","https://stripe.com/jobs/search?gh_jid=7912407","Dublin","Not Available",7912407,"N/A"
"Staff Product Manager, Dashboard","https://stripe.com/jobs/search?gh_jid=7913702","San Francisco, Seattle, NYC, Chicago, Atlanta, US Remote","Not Available",7913702,"N/A"
"Staff Product Manager, Enterprise (Industries) ","https://stripe.com/jobs/search?gh_jid=7812856","San Francisco, Seattle, New York, Chicago, Atlanta, Remote","Not Available",7812856,"N/A"
"Staff Product Manager, Local Processor Acquiring","https://stripe.com/jobs/search?gh_jid=7953691","Dublin","Not Available",7953691,"N/A"
"Staff Product Manager, Payments","https://stripe.com/jobs/search?gh_jid=7819059","SF, SEA, NYC, Remote","Not Available",7819059,"N/A"
"Staff Product Manager, Support Experience","https://stripe.com/jobs/search?gh_jid=7920219","San Francisco, California, United States","Not Available",7920219,"N/A"
"Staff Software Engineer, Stream Compute","https://stripe.com/jobs/search?gh_jid=7767063","San Francisco, Seattle, New York, Toronto ","Not Available",7767063,"N/A"
"Staff Software Engineer, Stripe Dashboard","https://stripe.com/jobs/search?gh_jid=7746721","Toronto","Not Available",7746721,"N/A"
"Staff Software Engineer, Stripe Scale & Bundles","https://stripe.com/jobs/search?gh_jid=7718488","N/A","Not Available",7718488,"N/A"
"Startup Field Marketing Manager - AUNZ","https://stripe.com/jobs/search?gh_jid=7645717","Sydney","Not Available",7645717,"N/A"
"Startup Partner - Northern Europe ","https://stripe.com/jobs/search?gh_jid=7676921","Stockholm ","Not Available",7676921,"N/A"
"Strategic Business Performance, Central Strategy & Operations","https://stripe.com/jobs/search?gh_jid=5956528","San Francisco, Seattle, Chicago, US-remote, New York","Not Available",5956528,"N/A"
"Strategic Finance Partner","https://stripe.com/jobs/search?gh_jid=7577505","San Francisco","Not Available",7577505,"N/A"
"Strategic Sourcing Analyst ","https://stripe.com/jobs/search?gh_jid=7708538","Bengaluru","Not Available",7708538,"N/A"
"Strategy & Analytics Analyst","https://stripe.com/jobs/search?gh_jid=7667847","Bengaluru","Not Available",7667847,"N/A"
"Strategy & Operations Analyst, Customer Success","https://stripe.com/jobs/search?gh_jid=7397878","Chicago ","Not Available",7397878,"N/A"
"Supplier Deal Manager","https://stripe.com/jobs/search?gh_jid=7863332","SF, NYC, CHI, SEA","Not Available",7863332,"N/A"
"Support Process Program Manager","https://stripe.com/jobs/search?gh_jid=7858716","Mexico City, Mexico","Not Available",7858716,"N/A"
"Team Lead, Product Support - Revenue Suite","https://stripe.com/jobs/search?gh_jid=7904582","Mexico City, Mexico","Not Available",7904582,"N/A"
"Team Lead, Risk Operations (PRO)","https://stripe.com/jobs/search?gh_jid=7290256","Bengaluru","Not Available",7290256,"N/A"
"Technical Account Manager","https://stripe.com/jobs/search?gh_jid=6613516","Dublin","Not Available",6613516,"N/A"
"Technical Account Manager","https://stripe.com/jobs/search?gh_jid=6458492","Atlanta, Chicago, New York City, San Francisco, Seattle, US Remote","Not Available",6458492,"N/A"
"Technical Account Manager","https://stripe.com/jobs/search?gh_jid=7549012","London","Not Available",7549012,"N/A"
"Technical Account Manager, AI User Segment","https://stripe.com/jobs/search?gh_jid=7918088","San Francisco, CA","Not Available",7918088,"N/A"
"Technical Account Manager, German OR Polish OR Ukrainian Speaking","https://stripe.com/jobs/search?gh_jid=7594376","Dublin","Not Available",7594376,"N/A"
"Technical Account Manager, German Speaking ","https://stripe.com/jobs/search?gh_jid=7076173","Berlin ","Not Available",7076173,"N/A"
"Technical Account Manager, Spanish Speaking","https://stripe.com/jobs/search?gh_jid=7204777","Madrid","Not Available",7204777,"N/A"
"Technical Account Manager, Spanish Speaking","https://stripe.com/jobs/search?gh_jid=7782773","Dubin","Not Available",7782773,"N/A"
"Technical Account Manager, Terminal","https://stripe.com/jobs/search?gh_jid=7366283","Remote, US","Not Available",7366283,"N/A"
"Technical Enablement Business Partner","https://stripe.com/jobs/search?gh_jid=7812348","US-NYC","Not Available",7812348,"N/A"
"Technical Partner Manager, AMER Banks","https://stripe.com/jobs/search?gh_jid=7863509","US-Remote; US-Chicago; US-Atlanta","Not Available",7863509,"N/A"
"Technical Partner Manager, AMER Banks","https://stripe.com/jobs/search?gh_jid=7719602","US-Remote; US-Chicago; US-Atlanta","Not Available",7719602,"N/A"
"Technical Partner Manager, EMEA Payment Methods","https://stripe.com/jobs/search?gh_jid=7779294","Ireland-Dublin, UK-London, Ireland-remote, UK-remote","Not Available",7779294,"N/A"
"Technical Program Manager","https://stripe.com/jobs/search?gh_jid=7653021","Singapore","Not Available",7653021,"N/A"
"Technical Program Manager,  Extensibility Programs","https://stripe.com/jobs/search?gh_jid=7778643","Remote in the US, Chicago, Atlanta","Not Available",7778643,"N/A"
"Technical Program Manager, Extensibility Programs","https://stripe.com/jobs/search?gh_jid=7749540","Toronto","Not Available",7749540,"N/A"
"Technical Program Manager,  Identity and Access Management Programs","https://stripe.com/jobs/search?gh_jid=7417090","Remote in the US, Chicago, Atlanta","Not Available",7417090,"N/A"
"Technical Program Manager, Risk","https://stripe.com/jobs/search?gh_jid=7678655","Bangalore","Not Available",7678655,"N/A"
"Technical Solutions Engineer","https://stripe.com/jobs/search?gh_jid=7377101","CA-Remote-British Columbia","Not Available",7377101,"N/A"
"Tech-Operations","https://stripe.com/jobs/search?gh_jid=7812235","Chicago, IL","Not Available",7812235,"N/A"
"Tech Operations Associate, New Grad (Mexico)","https://stripe.com/jobs/search?gh_jid=7718947","Mexico City, Mexico","Not Available",7718947,"N/A"
"Transfer Pricing Specialist  ","https://stripe.com/jobs/search?gh_jid=7897129","Bengaluru","Not Available",7897129,"N/A"
"Treasury Finance AI and Quantitative Analytics","https://stripe.com/jobs/search?gh_jid=7793069","New York","Not Available",7793069,"N/A"
"Treasury Finance Operations","https://stripe.com/jobs/search?gh_jid=7555681","Toronto","Not Available",7555681,"N/A"
" Treasury Manager, Luxembourg","https://stripe.com/jobs/search?gh_jid=7587355","Luxembourg","Not Available",7587355,"N/A"
"Treasury Operations Specialist ","https://stripe.com/jobs/search?gh_jid=7645711","IN - Bengaluru","Not Available",7645711,"N/A"
"US BSA Officer, Stripe & Bridge","https://stripe.com/jobs/search?gh_jid=7463165","US-Remote","Not Available",7463165,"N/A"
"User Escalation Specialist ","https://stripe.com/jobs/search?gh_jid=7863789","Singapore","Not Available",7863789,"N/A"
"US Indirect Tax Compliance","https://stripe.com/jobs/search?gh_jid=7618545","Bengaluru","Not Available",7618545,"N/A"
"Verifications Operations Associate","https://stripe.com/jobs/search?gh_jid=7738241","Bengaluru","Not Available",7738241,"N/A"
"Workday Compensation Lead","https://stripe.com/jobs/search?gh_jid=7765976","Canada, US-Remote, Chicago, Atlanta","Not Available",7765976,"N/A"
"Workplace Space Planner","https://stripe.com/jobs/search?gh_jid=7901827","Toronto, Chicago","Not Available",7901827,"N/A"
"Writer, Content Marketing","https://stripe.com/jobs/search?gh_jid=7587814","Remote US","Not Available",7587814,"N/A"
